-1.2,1.2,1e+26,0.9999151603902804
-1.0736842105263158,1.2,1e+26,0.9999107398918529
-0.9473684210526315,1.2,1e+26,0.999910211206918
-0.8210526315789473,1.2,1e+26,0.9999063720118613
-0.6947368421052631,1.2,1e+26,0.9998918964392868
-0.5684210526315789,1.2,1e+26,0.999830545822222
-0.44210526315789467,1.2,1e+26,0.9996087405319659
-0.3157894736842104,1.2,1e+26,0.9996858958340158
-0.18947368421052624,1.2,1e+26,0.9995978366974507
-0.06315789473684208,1.2,1e+26,0.9982408047864614
0.06315789473684208,1.2,1e+26,0.9992900133552731
0.18947368421052646,1.2,1e+26,0.9993975377811882
0.3157894736842106,1.2,1e+26,0.9983480341947374
0.4421052631578948,1.2,1e+26,0.9996594348753374
0.5684210526315792,1.2,1e+26,0.9997756056158953
0.6947368421052633,1.2,1e+26,0.9998033729421246
0.8210526315789475,1.2,1e+26,0.9998221285127272
0.9473684210526316,1.2,1e+26,0.9998537247478838
1.0736842105263158,1.2,1e+26,0.9998749758486638
1.2,1.2,1e+26,0.9998941097999329
-1.2,1.0736842105263158,1e+26,0.9999083483778405
-1.0736842105263158,1.0736842105263158,1e+26,0.9999110104701731
-0.9473684210526315,1.0736842105263158,1e+26,0.9999118689947097
-0.8210526315789473,1.0736842105263158,1e+26,0.9998773450994138
-0.6947368421052631,1.0736842105263158,1e+26,0.9997285040248237
-0.5684210526315789,1.0736842105263158,1e+26,0.9870807271534012
-0.44210526315789467,1.0736842105263158,1e+26,0.9994789304851025
-0.3157894736842104,1.0736842105263158,1e+26,0.9994928370858218
-0.18947368421052624,1.0736842105263158,1e+26,0.9996150409457266
-0.06315789473684208,1.0736842105263158,1e+26,0.9996525302948541
0.06315789473684208,1.0736842105263158,1e+26,0.9996060033371372
0.18947368421052646,1.0736842105263158,1e+26,0.999368632694389
0.3157894736842106,1.0736842105263158,1e+26,0.9985775172270339
0.4421052631578948,1.0736842105263158,1e+26,0.9989138815723334
0.5684210526315792,1.0736842105263158,1e+26,0.9973448448321468
0.6947368421052633,1.0736842105263158,1e+26,0.9996775317000844
0.8210526315789475,1.0736842105263158,1e+26,0.9997896959786376
0.9473684210526316,1.0736842105263158,1e+26,0.9998296497003689
1.0736842105263158,1.0736842105263158,1e+26,0.9998632075554892
1.2,1.0736842105263158,1e+26,0.9998820504725968
-1.2,0.9473684210526315,1e+26,0.9999091654004041
-1.0736842105263158,0.9473684210526315,1e+26,0.9999162809634342
-0.9473684210526315,0.9473684210526315,1e+26,0.9998651989562052
-0.8210526315789473,0.9473684210526315,1e+26,0.9997856897866725
-0.6947368421052631,0.9473684210526315,1e+26,0.9995811943198228
-0.5684210526315789,0.9473684210526315,1e+26,0.9996726627267201
-0.44210526315789467,0.9473684210526315,1e+26,0.9977198798724165
-0.3157894736842104,0.9473684210526315,1e+26,0.9995562828229462
-0.18947368421052624,0.9473684210526315,1e+26,0.9994087560697648
-0.06315789473684208,0.9473684210526315,1e+26,0.999154133560009
0.06315789473684208,0.9473684210526315,1e+26,0.999233853247549
0.18947368421052646,0.9473684210526315,1e+26,0.9996389329873325
0.3157894736842106,0.9473684210526315,1e+26,0.9681970117203456
0.4421052631578948,0.9473684210526315,1e+26,0.9996652298886779
0.5684210526315792,0.9473684210526315,1e+26,0.9970098302958849
0.6947368421052633,0.9473684210526315,1e+26,0.9915117972692978
0.8210526315789475,0.9473684210526315,1e+26,0.9993281498229039
0.9473684210526316,0.9473684210526315,1e+26,0.9998024119839963
1.0736842105263158,0.9473684210526315,1e+26,0.9998379612806675
1.2,0.9473684210526315,1e+26,0.9998746341598415
-1.2,0.8210526315789473,1e+26,0.9999160993058333
-1.0736842105263158,0.8210526315789473,1e+26,0.9998842098029359
-0.9473684210526315,0.8210526315789473,1e+26,0.9997730486872143
-0.8210526315789473,0.8210526315789473,1e+26,0.9996016920846326
-0.6947368421052631,0.8210526315789473,1e+26,0.999584125877488
-0.5684210526315789,0.8210526315789473,1e+26,0.9994091737596925
-0.44210526315789467,0.8210526315789473,1e+26,0.9993819384205224
-0.3157894736842104,0.8210526315789473,1e+26,0.9993446069132681
-0.18947368421052624,0.8210526315789473,1e+26,0.9994456544236503
-0.06315789473684208,0.8210526315789473,1e+26,0.9996523689297031
0.06315789473684208,0.8210526315789473,1e+26,0.999384443913886
0.18947368421052646,0.8210526315789473,1e+26,0.9894274979701857
0.3157894736842106,0.8210526315789473,1e+26,0.9992849199148087
0.4421052631578948,0.8210526315789473,1e+26,0.9992667252509287
0.5684210526315792,0.8210526315789473,1e+26,0.9993678549946288
0.6947368421052633,0.8210526315789473,1e+26,0.9978507319746828
0.8210526315789475,0.8210526315789473,1e+26,0.9980622603780269
0.9473684210526316,0.8210526315789473,1e+26,0.9994346270644037
1.0736842105263158,0.8210526315789473,1e+26,0.9998259730348473
1.2,0.8210526315789473,1e+26,0.9998469634019201
-1.2,0.6947368421052631,1e+26,0.9999122871695248
-1.0736842105263158,0.6947368421052631,1e+26,0.9998162938099322
-0.9473684210526315,0.6947368421052631,1e+26,0.9996375887167792
-0.8210526315789473,0.6947368421052631,1e+26,0.9995617455884149
-0.6947368421052631,0.6947368421052631,1e+26,0.9993777261329977
-0.5684210526315789,0.6947368421052631,1e+26,0.9995553411354414
-0.44210526315789467,0.6947368421052631,1e+26,0.9946152143314609
-0.3157894736842104,0.6947368421052631,1e+26,0.9985530555060432
-0.18947368421052624,0.6947368421052631,1e+26,0.994721277183403
-0.06315789473684208,0.6947368421052631,1e+26,0.9924560480712334
0.06315789473684208,0.6947368421052631,1e+26,0.9986236757571169
0.18947368421052646,0.6947368421052631,1e+26,0.9989429911934526
0.3157894736842106,0.6947368421052631,1e+26,0.9986295747047309
0.4421052631578948,0.6947368421052631,1e+26,0.9993467933360151
0.5684210526315792,0.6947368421052631,1e+26,0.9981479221274627
0.6947368421052633,0.6947368421052631,1e+26,0.9975180612962578
0.8210526315789475,0.6947368421052631,1e+26,0.9927259820887468
0.9473684210526316,0.6947368421052631,1e+26,0.9310701738804752
1.0736842105263158,0.6947368421052631,1e+26,0.9996953347044114
1.2,0.6947368421052631,1e+26,0.9998345113758583
-1.2,0.5684210526315789,1e+26,0.9998573972913825
-1.0736842105263158,0.5684210526315789,1e+26,0.9997551069426275
-0.9473684210526315,0.5684210526315789,1e+26,0.9997284609558286
-0.8210526315789473,0.5684210526315789,1e+26,0.9994953939897551
-0.6947368421052631,0.5684210526315789,1e+26,0.9994364236220732
-0.5684210526315789,0.5684210526315789,1e+26,0.9930799950256025
-0.44210526315789467,0.5684210526315789,1e+26,0.996935775904104
-0.3157894736842104,0.5684210526315789,1e+26,0.9983337473626137
-0.18947368421052624,0.5684210526315789,1e+26,0.9950874115263608
-0.06315789473684208,0.5684210526315789,1e+26,0.9992698802373161
0.06315789473684208,0.5684210526315789,1e+26,0.9991083476952064
0.18947368421052646,0.5684210526315789,1e+26,0.9921089554362812
0.3157894736842106,0.5684210526315789,1e+26,0.9942584476320201
0.4421052631578948,0.5684210526315789,1e+26,0.9908584157110262
0.5684210526315792,0.5684210526315789,1e+26,0.9989495811604818
0.6947368421052633,0.5684210526315789,1e+26,0.9982141169112541
0.8210526315789475,0.5684210526315789,1e+26,0.9809582701750152
0.9473684210526316,0.5684210526315789,1e+26,0.9938240976613754
1.0736842105263158,0.5684210526315789,1e+26,0.9985377768972387
1.2,0.5684210526315789,1e+26,0.9997731814374864
-1.2,0.44210526315789467,1e+26,0.9998178094593848
-1.0736842105263158,0.44210526315789467,1e+26,0.9997129337900161
-0.9473684210526315,0.44210526315789467,1e+26,0.9994892109634609
-0.8210526315789473,0.44210526315789467,1e+26,0.9995374962856792
-0.6947368421052631,0.44210526315789467,1e+26,0.9923628634671287
-0.5684210526315789,0.44210526315789467,1e+26,0.9982268329165089
-0.44210526315789467,0.44210526315789467,1e+26,0.9984235742842947
-0.3157894736842104,0.44210526315789467,1e+26,0.9988814108029385
-0.18947368421052624,0.44210526315789467,1e+26,0.9976355901518161
-0.06315789473684208,0.44210526315789467,1e+26,0.999640883156177
0.06315789473684208,0.44210526315789467,1e+26,0.9967801036436418
0.18947368421052646,0.44210526315789467,1e+26,0.9954465120350292
0.3157894736842106,0.44210526315789467,1e+26,0.9914644080027297
0.4421052631578948,0.44210526315789467,1e+26,0.9865078214664801
0.5684210526315792,0.44210526315789467,1e+26,0.9943212642176956
0.6947368421052633,0.44210526315789467,1e+26,0.9979658892944041
0.8210526315789475,0.44210526315789467,1e+26,0.9992214217956018
0.9473684210526316,0.44210526315789467,1e+26,0.9848775871506267
1.0736842105263158,0.44210526315789467,1e+26,0.9979792458181826
1.2,0.44210526315789467,1e+26,0.9995697978518162
-1.2,0.3157894736842104,1e+26,0.9994830456583832
-1.0736842105263158,0.3157894736842104,1e+26,0.9997931692884001
-0.9473684210526315,0.3157894736842104,1e+26,0.9991030007930161
-0.8210526315789473,0.3157894736842104,1e+26,0.9953281467720971
-0.6947368421052631,0.3157894736842104,1e+26,0.9954891082904712
-0.5684210526315789,0.3157894736842104,1e+26,0.9987139750187904
-0.44210526315789467,0.3157894736842104,1e+26,0.9994355179480583
-0.3157894736842104,0.3157894736842104,1e+26,0.9979699698646761
-0.18947368421052624,0.3157894736842104,1e+26,0.9983244268642306
-0.06315789473684208,0.3157894736842104,1e+26,0.9985467798234354
0.06315789473684208,0.3157894736842104,1e+26,0.9997995413952183
0.18947368421052646,0.3157894736842104,1e+26,0.9989768910432466
0.3157894736842106,0.3157894736842104,1e+26,0.9976624314771962
0.4421052631578948,0.3157894736842104,1e+26,0.9983538764366037
0.5684210526315792,0.3157894736842104,1e+26,0.9989156135512293
0.6947368421052633,0.3157894736842104,1e+26,0.9964846545877626
0.8210526315789475,0.3157894736842104,1e+26,0.9994034957739705
0.9473684210526316,0.3157894736842104,1e+26,0.9880813705641733
1.0736842105263158,0.3157894736842104,1e+26,0.9848256409211832
1.2,0.3157894736842104,1e+26,0.9992212245550421
-1.2,0.18947368421052624,1e+26,0.9997558468395544
-1.0736842105263158,0.18947368421052624,1e+26,0.9996406185837297
-0.9473684210526315,0.18947368421052624,1e+26,0.9996890020889171
-0.8210526315789473,0.18947368421052624,1e+26,0.9971538937276287
-0.6947368421052631,0.18947368421052624,1e+26,0.46258785484402154
-0.5684210526315789,0.18947368421052624,1e+26,0.9989627599574239
-0.44210526315789467,0.18947368421052624,1e+26,0.9983441805843435
-0.3157894736842104,0.18947368421052624,1e+26,0.998426518787986
-0.18947368421052624,0.18947368421052624,1e+26,0.9928788865256329
-0.06315789473684208,0.18947368421052624,1e+26,0.9978616904409481
0.06315789473684208,0.18947368421052624,1e+26,0.9979998916673369
0.18947368421052646,0.18947368421052624,1e+26,0.9978379460784094
0.3157894736842106,0.18947368421052624,1e+26,0.998545268931757
0.4421052631578948,0.18947368421052624,1e+26,0.9987065867114876
0.5684210526315792,0.18947368421052624,1e+26,0.9984114862933732
0.6947368421052633,0.18947368421052624,1e+26,0.9938818898388525
0.8210526315789475,0.18947368421052624,1e+26,0.9992578436520466
0.9473684210526316,0.18947368421052624,1e+26,0.985761105155619
1.0736842105263158,0.18947368421052624,1e+26,0.9960905539116922
1.2,0.18947368421052624,1e+26,0.9989790714204322
-1.2,0.06315789473684208,1e+26,0.999758067511713
-1.0736842105263158,0.06315789473684208,1e+26,0.9939061929400853
-0.9473684210526315,0.06315789473684208,1e+26,0.9996067403859772
-0.8210526315789473,0.06315789473684208,1e+26,0.9872674921928583
-0.6947368421052631,0.06315789473684208,1e+26,0.9957198250119534
-0.5684210526315789,0.06315789473684208,1e+26,0.9987795579481749
-0.44210526315789467,0.06315789473684208,1e+26,0.9805318563364459
-0.3157894736842104,0.06315789473684208,1e+26,0.999635939066491
-0.18947368421052624,0.06315789473684208,1e+26,0.997007540035235
-0.06315789473684208,0.06315789473684208,1e+26,0.9994250116798596
0.06315789473684208,0.06315789473684208,1e+26,0.9990368191166122
0.18947368421052646,0.06315789473684208,1e+26,0.9972913164315624
0.3157894736842106,0.06315789473684208,1e+26,0.9981136079662035
0.4421052631578948,0.06315789473684208,1e+26,0.9991100866418733
0.5684210526315792,0.06315789473684208,1e+26,0.995256695349798
0.6947368421052633,0.06315789473684208,1e+26,0.9973779772264977
0.8210526315789475,0.06315789473684208,1e+26,0.999311453144222
0.9473684210526316,0.06315789473684208,1e+26,0.9971938957846352
1.0736842105263158,0.06315789473684208,1e+26,0.9976209764449372
1.2,0.06315789473684208,1e+26,0.9990952298156474
-1.2,-0.06315789473684208,1e+26,0.9997787145921608
-1.0736842105263158,-0.06315789473684208,1e+26,0.9938535028219324
-0.9473684210526315,-0.06315789473684208,1e+26,0.9995703942435135
-0.8210526315789473,-0.06315789473684208,1e+26,0.9953754237562527
-0.6947368421052631,-0.06315789473684208,1e+26,0.9940609392533819
-0.5684210526315789,-0.06315789473684208,1e+26,0.995824462107313
-0.44210526315789467,-0.06315789473684208,1e+26,0.9886800019515792
-0.3157894736842104,-0.06315789473684208,1e+26,0.999331580428357
-0.18947368421052624,-0.06315789473684208,1e+26,0.9972424673586697
-0.06315789473684208,-0.06315789473684208,1e+26,0.998787783552855
0.06315789473684208,-0.06315789473684208,1e+26,0.9994563014676452
0.18947368421052646,-0.06315789473684208,1e+26,0.9970035022180254
0.3157894736842106,-0.06315789473684208,1e+26,0.9988343154013741
0.4421052631578948,-0.06315789473684208,1e+26,0.9935262816904803
0.5684210526315792,-0.06315789473684208,1e+26,0.9980943111653754
0.6947368421052633,-0.06315789473684208,1e+26,0.9988578984428037
0.8210526315789475,-0.06315789473684208,1e+26,0.9990379716984813
0.9473684210526316,-0.06315789473684208,1e+26,0.9886774310150689
1.0736842105263158,-0.06315789473684208,1e+26,0.9988519877479238
1.2,-0.06315789473684208,1e+26,0.9993876637985815
-1.2,-0.18947368421052646,1e+26,0.9997938848934994
-1.0736842105263158,-0.18947368421052646,1e+26,0.9991951014601992
-0.9473684210526315,-0.18947368421052646,1e+26,0.9996062864123342
-0.8210526315789473,-0.18947368421052646,1e+26,0.9907391970315353
-0.6947368421052631,-0.18947368421052646,1e+26,0.9990622715772318
-0.5684210526315789,-0.18947368421052646,1e+26,0.999636306007024
-0.44210526315789467,-0.18947368421052646,1e+26,0.997320903326005
-0.3157894736842104,-0.18947368421052646,1e+26,0.9989685283881019
-0.18947368421052624,-0.18947368421052646,1e+26,0.9982238058566838
-0.06315789473684208,-0.18947368421052646,1e+26,0.9980662052741797
0.06315789473684208,-0.18947368421052646,1e+26,0.9979855125374211
0.18947368421052646,-0.18947368421052646,1e+26,0.9991199032416166
0.3157894736842106,-0.18947368421052646,1e+26,0.9987516957540593
0.4421052631578948,-0.18947368421052646,1e+26,0.9946836871452512
0.5684210526315792,-0.18947368421052646,1e+26,0.9960794344156821
0.6947368421052633,-0.18947368421052646,1e+26,0.9990635303856679
0.8210526315789475,-0.18947368421052646,1e+26,0.997656266529162
0.9473684210526316,-0.18947368421052646,1e+26,0.9979970674188323
1.0736842105263158,-0.18947368421052646,1e+26,0.9958264101430553
1.2,-0.18947368421052646,1e+26,0.9996526569608802
-1.2,-0.3157894736842106,1e+26,0.9998312516654567
-1.0736842105263158,-0.3157894736842106,1e+26,0.9997784723586
-0.9473684210526315,-0.3157894736842106,1e+26,0.9994807025064069
-0.8210526315789473,-0.3157894736842106,1e+26,0.9957335245950788
-0.6947368421052631,-0.3157894736842106,1e+26,0.9952263731960185
-0.5684210526315789,-0.3157894736842106,1e+26,0.9986615506963696
-0.44210526315789467,-0.3157894736842106,1e+26,0.9703175727833193
-0.3157894736842104,-0.3157894736842106,1e+26,0.9975825114821529
-0.18947368421052624,-0.3157894736842106,1e+26,0.9992140531752773
-0.06315789473684208,-0.3157894736842106,1e+26,0.9989949841846029
0.06315789473684208,-0.3157894736842106,1e+26,0.9987698770139031
0.18947368421052646,-0.3157894736842106,1e+26,0.9951323352760547
0.3157894736842106,-0.3157894736842106,1e+26,0.9986613526548379
0.4421052631578948,-0.3157894736842106,1e+26,0.9993063981552645
0.5684210526315792,-0.3157894736842106,1e+26,0.998246504689161
0.6947368421052633,-0.3157894736842106,1e+26,0.9952105135288527
0.8210526315789475,-0.3157894736842106,1e+26,0.986016833589414
0.9473684210526316,-0.3157894736842106,1e+26,0.9977952622572249
1.0736842105263158,-0.3157894736842106,1e+26,0.98708700413558
1.2,-0.3157894736842106,1e+26,0.9998141231313127
-1.2,-0.4421052631578948,1e+26,0.999819522106977
-1.0736842105263158,-0.4421052631578948,1e+26,0.9998817875787119
-0.9473684210526315,-0.4421052631578948,1e+26,0.9997257345472628
-0.8210526315789473,-0.4421052631578948,1e+26,0.9990955998477862
-0.6947368421052631,-0.4421052631578948,1e+26,0.9910492354046919
-0.5684210526315789,-0.4421052631578948,1e+26,0.9951267439568761
-0.44210526315789467,-0.4421052631578948,1e+26,0.9991334696979358
-0.3157894736842104,-0.4421052631578948,1e+26,0.9996613729683432
-0.18947368421052624,-0.4421052631578948,1e+26,0.9949449040954937
-0.06315789473684208,-0.4421052631578948,1e+26,0.994928075216087
0.06315789473684208,-0.4421052631578948,1e+26,0.9970683849733085
0.18947368421052646,-0.4421052631578948,1e+26,0.9993280386332345
0.3157894736842106,-0.4421052631578948,1e+26,0.9890179167397122
0.4421052631578948,-0.4421052631578948,1e+26,0.9965739404266553
0.5684210526315792,-0.4421052631578948,1e+26,0.9917438903466651
0.6947368421052633,-0.4421052631578948,1e+26,0.9948490547068765
0.8210526315789475,-0.4421052631578948,1e+26,0.9978369256416345
0.9473684210526316,-0.4421052631578948,1e+26,0.9992856816716675
1.0736842105263158,-0.4421052631578948,1e+26,0.9996021175974243
1.2,-0.4421052631578948,1e+26,0.9998638769208366
-1.2,-0.5684210526315792,1e+26,0.9998546044492963
-1.0736842105263158,-0.5684210526315792,1e+26,0.9998343570089886
-0.9473684210526315,-0.5684210526315792,1e+26,0.9994540127993858
-0.8210526315789473,-0.5684210526315792,1e+26,0.9995985101384418
-0.6947368421052631,-0.5684210526315792,1e+26,0.9986942019834867
-0.5684210526315789,-0.5684210526315792,1e+26,0.9971151045214284
-0.44210526315789467,-0.5684210526315792,1e+26,0.9932747034190696
-0.3157894736842104,-0.5684210526315792,1e+26,0.9924871139358767
-0.18947368421052624,-0.5684210526315792,1e+26,0.9986853948792666
-0.06315789473684208,-0.5684210526315792,1e+26,0.9859473377566076
0.06315789473684208,-0.5684210526315792,1e+26,0.9963099016599475
0.18947368421052646,-0.5684210526315792,1e+26,0.9989656850426477
0.3157894736842106,-0.5684210526315792,1e+26,0.9988383910564045
0.4421052631578948,-0.5684210526315792,1e+26,0.9966099817913865
0.5684210526315792,-0.5684210526315792,1e+26,0.996719695442875
0.6947368421052633,-0.5684210526315792,1e+26,0.9980287359993313
0.8210526315789475,-0.5684210526315792,1e+26,0.9965613948953096
0.9473684210526316,-0.5684210526315792,1e+26,0.9971327474164525
1.0736842105263158,-0.5684210526315792,1e+26,0.9998273517276036
1.2,-0.5684210526315792,1e+26,0.9998863096183479
-1.2,-0.6947368421052633,1e+26,0.999897725421199
-1.0736842105263158,-0.6947368421052633,1e+26,0.9998140648640267
-0.9473684210526315,-0.6947368421052633,1e+26,0.9998582184484969
-0.8210526315789473,-0.6947368421052633,1e+26,0.9994782626275344
-0.6947368421052631,-0.6947368421052633,1e+26,0.999474126794993
-0.5684210526315789,-0.6947368421052633,1e+26,0.9924689277224541
-0.44210526315789467,-0.6947368421052633,1e+26,0.9986832944970686
-0.3157894736842104,-0.6947368421052633,1e+26,0.9986355914386689
-0.18947368421052624,-0.6947368421052633,1e+26,0.9990817083578363
-0.06315789473684208,-0.6947368421052633,1e+26,0.9989565510931009
0.06315789473684208,-0.6947368421052633,1e+26,0.9992273060302183
0.18947368421052646,-0.6947368421052633,1e+26,0.9918303359595791
0.3157894736842106,-0.6947368421052633,1e+26,0.9986358577998732
0.4421052631578948,-0.6947368421052633,1e+26,0.9983202280019582
0.5684210526315792,-0.6947368421052633,1e+26,0.9966595614616015
0.6947368421052633,-0.6947368421052633,1e+26,0.9957729935974264
0.8210526315789475,-0.6947368421052633,1e+26,0.9897951602818366
0.9473684210526316,-0.6947368421052633,1e+26,0.9998269811024433
1.0736842105263158,-0.6947368421052633,1e+26,0.9998354034144229
1.2,-0.6947368421052633,1e+26,0.9998627172546735
-1.2,-0.8210526315789475,1e+26,0.9999215370327771
-1.0736842105263158,-0.8210526315789475,1e+26,0.999864830225028
-0.9473684210526315,-0.8210526315789475,1e+26,0.999863336087065
-0.8210526315789473,-0.8210526315789475,1e+26,0.999784623756394
-0.6947368421052631,-0.8210526315789475,1e+26,0.9995699038778186
-0.5684210526315789,-0.8210526315789475,1e+26,0.9995341044010868
-0.44210526315789467,-0.8210526315789475,1e+26,0.9977141703098487
-0.3157894736842104,-0.8210526315789475,1e+26,0.9842280482071061
-0.18947368421052624,-0.8210526315789475,1e+26,0.9951715279815665
-0.06315789473684208,-0.8210526315789475,1e+26,0.9991784703394866
0.06315789473684208,-0.8210526315789475,1e+26,0.9994979025422265
0.18947368421052646,-0.8210526315789475,1e+26,0.9980913851288367
0.3157894736842106,-0.8210526315789475,1e+26,0.9971045182588408
0.4421052631578948,-0.8210526315789475,1e+26,0.9981071222804802
0.5684210526315792,-0.8210526315789475,1e+26,0.9992404939957172
0.6947368421052633,-0.8210526315789475,1e+26,0.9969044116634015
0.8210526315789475,-0.8210526315789475,1e+26,0.9997844877018603
0.9473684210526316,-0.8210526315789475,1e+26,0.9997898324046975
1.0736842105263158,-0.8210526315789475,1e+26,0.9998684314897562
1.2,-0.8210526315789475,1e+26,0.9998873687907458
-1.2,-0.9473684210526316,1e+26,0.9999086386620453
-1.0736842105263158,-0.9473684210526316,1e+26,0.999917588019781
-0.9473684210526315,-0.9473684210526316,1e+26,0.9998485674324491
-0.8210526315789473,-0.9473684210526316,1e+26,0.9998703822785062
-0.6947368421052631,-0.9473684210526316,1e+26,0.999779598474476
-0.5684210526315789,-0.9473684210526316,1e+26,0.9988696406012773
-0.44210526315789467,-0.9473684210526316,1e+26,0.9966135745684962
-0.3157894736842104,-0.9473684210526316,1e+26,0.9990002405656492
-0.18947368421052624,-0.9473684210526316,1e+26,0.9954798751489559
-0.06315789473684208,-0.9473684210526316,1e+26,0.9992861852305871
0.06315789473684208,-0.9473684210526316,1e+26,0.9991813543236884
0.18947368421052646,-0.9473684210526316,1e+26,0.9993446545778439
0.3157894736842106,-0.9473684210526316,1e+26,0.9986952451954444
0.4421052631578948,-0.9473684210526316,1e+26,0.9927572116582822
0.5684210526315792,-0.9473684210526316,1e+26,0.9993608915352767
0.6947368421052633,-0.9473684210526316,1e+26,0.9997344081952468
0.8210526315789475,-0.9473684210526316,1e+26,0.9997754380322686
0.9473684210526316,-0.9473684210526316,1e+26,0.9998540620859967
1.0736842105263158,-0.9473684210526316,1e+26,0.9998668891979912
1.2,-0.9473684210526316,1e+26,0.9998902496181695
-1.2,-1.0736842105263158,1e+26,0.9999085123239384
-1.0736842105263158,-1.0736842105263158,1e+26,0.9999074552753751
-0.9473684210526315,-1.0736842105263158,1e+26,0.9999146093639907
-0.8210526315789473,-1.0736842105263158,1e+26,0.9998509834369556
-0.6947368421052631,-1.0736842105263158,1e+26,0.9998643749338226
-0.5684210526315789,-1.0736842105263158,1e+26,0.9998297832025935
-0.44210526315789467,-1.0736842105263158,1e+26,0.9997051616791254
-0.3157894736842104,-1.0736842105263158,1e+26,0.9994795569100002
-0.18947368421052624,-1.0736842105263158,1e+26,0.9996130490402547
-0.06315789473684208,-1.0736842105263158,1e+26,0.9976071038193925
0.06315789473684208,-1.0736842105263158,1e+26,0.9974640188291567
0.18947368421052646,-1.0736842105263158,1e+26,0.9993705542215657
0.3157894736842106,-1.0736842105263158,1e+26,0.9995191372469454
0.4421052631578948,-1.0736842105263158,1e+26,0.9996974574966168
0.5684210526315792,-1.0736842105263158,1e+26,0.9997368438642408
0.6947368421052633,-1.0736842105263158,1e+26,0.9998127793156151
0.8210526315789475,-1.0736842105263158,1e+26,0.9998467113807613
0.9473684210526316,-1.0736842105263158,1e+26,0.9998658536425018
1.0736842105263158,-1.0736842105263158,1e+26,0.9998852951200685
1.2,-1.0736842105263158,1e+26,0.9998912200948776
-1.2,-1.2,1e+26,0.9999135692564829
-1.0736842105263158,-1.2,1e+26,0.9999057842341527
-0.9473684210526315,-1.2,1e+26,0.9999048180191799
-0.8210526315789473,-1.2,1e+26,0.9999096220212242
-0.6947368421052631,-1.2,1e+26,0.9998779706754674
-0.5684210526315789,-1.2,1e+26,0.999838309357208
-0.44210526315789467,-1.2,1e+26,0.999882551173848
-0.3157894736842104,-1.2,1e+26,0.999834544473292
-0.18947368421052624,-1.2,1e+26,0.9997786769974006
-0.06315789473684208,-1.2,1e+26,0.9997458288721188
0.06315789473684208,-1.2,1e+26,0.9997390877856015
0.18947368421052646,-1.2,1e+26,0.9997552049954546
0.3157894736842106,-1.2,1e+26,0.9997850643855253
0.4421052631578948,-1.2,1e+26,0.9998351710052881
0.5684210526315792,-1.2,1e+26,0.999854060559042
0.6947368421052633,-1.2,1e+26,0.9998327431267056
0.8210526315789475,-1.2,1e+26,0.9998799929245025
0.9473684210526316,-1.2,1e+26,0.9998842304185573
1.0736842105263158,-1.2,1e+26,0.9998895655947833
1.2,-1.2,1e+26,0.9998996772967691
-1.2,1.2,1e+27,0.9991513417582237
-1.0736842105263158,1.2,1e+27,0.9991074144334333
-0.9473684210526315,1.2,1e+27,0.9991021072124597
-0.8210526315789473,1.2,1e+27,0.9990645620120668
-0.6947368421052631,1.2,1e+27,0.998923775716167
-0.5684210526315789,1.2,1e+27,0.9983236095431653
-0.44210526315789467,1.2,1e+27,0.9960932982396917
-0.3157894736842104,1.2,1e+27,0.9969152419093614
-0.18947368421052624,1.2,1e+27,0.9937400600249003
-0.06315789473684208,1.2,1e+27,0.9871242703628167
0.06315789473684208,1.2,1e+27,0.9766808901728153
0.18947368421052646,1.2,1e+27,0.9944431616790272
0.3157894736842106,1.2,1e+27,0.9811540135609833
0.4421052631578948,1.2,1e+27,0.9961865018660829
0.5684210526315792,1.2,1e+27,0.9978007659934771
0.6947368421052633,1.2,1e+27,0.9980430614852329
0.8210526315789475,1.2,1e+27,0.9982350431220358
0.9473684210526316,1.2,1e+27,0.998539567373163
1.0736842105263158,1.2,1e+27,0.9987509446373567
1.2,1.2,1e+27,0.998940892709545
-1.2,1.0736842105263158,1e+27,0.9990836029901213
-1.0736842105263158,1.0736842105263158,1e+27,0.9991096917678464
-0.9473684210526315,1.0736842105263158,1e+27,0.9991206231173838
-0.8210526315789473,1.0736842105263158,1e+27,0.9987774880714797
-0.6947368421052631,1.0736842105263158,1e+27,0.9972952965272227
-0.5684210526315789,1.0736842105263158,1e+27,0.9097839689309549
-0.44210526315789467,1.0736842105263158,1e+27,0.9947617191279324
-0.3157894736842104,1.0736842105263158,1e+27,0.9950061485388966
-0.18947368421052624,1.0736842105263158,1e+27,0.996136693214483
-0.06315789473684208,1.0736842105263158,1e+27,0.99651124609729
0.06315789473684208,1.0736842105263158,1e+27,0.9960374138904223
0.18947368421052646,1.0736842105263158,1e+27,0.9936122170315522
0.3157894736842106,1.0736842105263158,1e+27,0.9845724485787951
0.4421052631578948,1.0736842105263158,1e+27,0.9906306844186411
0.5684210526315792,1.0736842105263158,1e+27,0.9759429434033935
0.6947368421052633,1.0736842105263158,1e+27,0.9963344733220959
0.8210526315789475,1.0736842105263158,1e+27,0.9979300447804078
0.9473684210526316,1.0736842105263158,1e+27,0.9983092589094671
1.0736842105263158,1.0736842105263158,1e+27,0.9986343049458397
1.2,1.0736842105263158,1e+27,0.9988201864934299
-1.2,0.9473684210526315,1e+27,0.9990916186082432
-1.0736842105263158,0.9473684210526315,1e+27,0.999163534631288
-0.9473684210526315,0.9473684210526315,1e+27,0.9986554754663048
-0.8210526315789473,0.9473684210526315,1e+27,0.9977240321158484
-0.6947368421052631,0.9473684210526315,1e+27,0.9958319223993813
-0.5684210526315789,0.9473684210526315,1e+27,0.9967161218413795
-0.44210526315789467,0.9473684210526315,1e+27,0.9817560541034781
-0.3157894736842104,0.9473684210526315,1e+27,0.9935987396713312
-0.18947368421052624,0.9473684210526315,1e+27,0.9930259131819595
-0.06315789473684208,0.9473684210526315,1e+27,0.9918582376022357
0.06315789473684208,0.9473684210526315,1e+27,0.9926530734209815
0.18947368421052646,0.9473684210526315,1e+27,0.9950350913698007
0.3157894736842106,0.9473684210526315,1e+27,0.962826693042014
0.4421052631578948,0.9473684210526315,1e+27,0.9967221088804603
0.5684210526315792,0.9473684210526315,1e+27,0.9673012520231622
0.6947368421052633,0.9473684210526315,1e+27,0.9085268886843695
0.8210526315789475,0.9473684210526315,1e+27,0.9897251211768339
0.9473684210526316,0.9473684210526315,1e+27,0.9980392808923325
1.0736842105263158,0.9473684210526315,1e+27,0.9983842586678314
1.2,0.9473684210526315,1e+27,0.99874552872437
-1.2,0.8210526315789473,1e+27,0.9991616105651276
-1.0736842105263158,0.8210526315789473,1e+27,0.9988449569854024
-0.9473684210526315,0.8210526315789473,1e+27,0.9975422044803585
-0.8210526315789473,0.8210526315789473,1e+27,0.9959914446095428
-0.6947368421052631,0.8210526315789473,1e+27,0.9958989071482997
-0.5684210526315789,0.8210526315789473,1e+27,0.9952781157067011
-0.44210526315789467,0.8210526315789473,1e+27,0.9938102367521916
-0.3157894736842104,0.8210526315789473,1e+27,0.9846637327149234
-0.18947368421052624,0.8210526315789473,1e+27,0.9948132674577645
-0.06315789473684208,0.8210526315789473,1e+27,0.9965360427181351
0.06315789473684208,0.8210526315789473,1e+27,0.994517058591824
0.18947368421052646,0.8210526315789473,1e+27,0.7187231659165576
0.3157894736842106,0.8210526315789473,1e+27,0.9863193493976808
0.4421052631578948,0.8210526315789473,1e+27,0.9928714038499957
0.5684210526315792,0.8210526315789473,1e+27,0.9941144714379088
0.6947368421052633,0.8210526315789473,1e+27,0.9782253222220001
0.8210526315789475,0.8210526315789473,1e+27,0.9678135203880393
0.9473684210526316,0.8210526315789473,1e+27,0.9928969023437862
1.0736842105263158,0.8210526315789473,1e+27,0.9982668321889885
1.2,0.8210526315789473,1e+27,0.9984704657782673
-1.2,0.6947368421052631,1e+27,0.9991230383768761
-1.0736842105263158,0.6947368421052631,1e+27,0.998100963086557
-0.9473684210526315,0.6947368421052631,1e+27,0.9963659825699634
-0.8210526315789473,0.6947368421052631,1e+27,0.9957176349771037
-0.6947368421052631,0.6947368421052631,1e+27,0.9936424838826615
-0.5684210526315789,0.6947368421052631,1e+27,0.9954118505555696
-0.44210526315789467,0.6947368421052631,1e+27,0.9518785853843313
-0.3157894736842104,0.6947368421052631,1e+27,0.9928537230918107
-0.18947368421052624,0.6947368421052631,1e+27,0.971755450303749
-0.06315789473684208,0.6947368421052631,1e+27,0.9853585589547766
0.06315789473684208,0.6947368421052631,1e+27,0.9908779629688104
0.18947368421052646,0.6947368421052631,1e+27,0.992107528845722
0.3157894736842106,0.6947368421052631,1e+27,0.9737790330054578
0.4421052631578948,0.6947368421052631,1e+27,0.9937008196338759
0.5684210526315792,0.6947368421052631,1e+27,0.9809710809069627
0.6947368421052633,0.6947368421052631,1e+27,0.9799645268647428
0.8210526315789475,0.6947368421052631,1e+27,0.9398537552129995
0.9473684210526316,0.6947368421052631,1e+27,0.9052639643422391
1.0736842105263158,0.6947368421052631,1e+27,0.9967046228378531
1.2,0.6947368421052631,1e+27,0.9983344917026203
-1.2,0.5684210526315789,1e+27,0.9985618891876838
-1.0736842105263158,0.5684210526315789,1e+27,0.9975087327631865
-0.9473684210526315,0.5684210526315789,1e+27,0.9972896235934026
-0.8210526315789473,0.5684210526315789,1e+27,0.9923578968551877
-0.6947368421052631,0.5684210526315789,1e+27,0.994287094066111
-0.5684210526315789,0.5684210526315789,1e+27,0.9529412794213159
-0.44210526315789467,0.5684210526315789,1e+27,0.9789884724758757
-0.3157894736842104,0.5684210526315789,1e+27,0.9744306145115654
-0.18947368421052624,0.5684210526315789,1e+27,0.9711338322165312
-0.06315789473684208,0.5684210526315789,1e+27,0.9933964235011772
0.06315789473684208,0.5684210526315789,1e+27,0.9898683595497461
0.18947368421052646,0.5684210526315789,1e+27,0.9699739021853273
0.3157894736842106,0.5684210526315789,1e+27,0.9672158401638488
0.4421052631578948,0.5684210526315789,1e+27,0.944926322267038
0.5684210526315792,0.5684210526315789,1e+27,0.9779184639831425
0.6947368421052633,0.5684210526315789,1e+27,0.9814666974517949
0.8210526315789475,0.5684210526315789,1e+27,0.9589641330556793
0.9473684210526316,0.5684210526315789,1e+27,0.9353574044555357
1.0736842105263158,0.5684210526315789,1e+27,0.9814765681167289
1.2,0.5684210526315789,1e+27,0.9976884786155374
-1.2,0.44210526315789467,1e+27,0.9981159553811344
-1.0736842105263158,0.44210526315789467,1e+27,0.9971014199239696
-0.9473684210526315,0.44210526315789467,1e+27,0.993820334883437
-0.8210526315789473,0.44210526315789467,1e+27,0.9951607938089494
-0.6947368421052631,0.44210526315789467,1e+27,0.9714036477561163
-0.5684210526315789,0.44210526315789467,1e+27,0.9828935708491114
-0.44210526315789467,0.44210526315789467,1e+27,0.9730822919539643
-0.3157894736842104,0.44210526315789467,1e+27,0.9919285129051053
-0.18947368421052624,0.44210526315789467,1e+27,0.9700492469589103
-0.06315789473684208,0.44210526315789467,1e+27,0.9876899838977292
0.06315789473684208,0.44210526315789467,1e+27,0.9848861571016383
0.18947368421052646,0.44210526315789467,1e+27,0.9751417602735345
0.3157894736842106,0.44210526315789467,1e+27,0.9645325371880136
0.4421052631578948,0.44210526315789467,1e+27,0.9730910803149487
0.5684210526315792,0.44210526315789467,1e+27,0.9763579591537447
0.6947368421052633,0.44210526315789467,1e+27,0.9830177934469876
0.8210526315789475,0.44210526315789467,1e+27,0.9921532111571135
0.9473684210526316,0.44210526315789467,1e+27,0.8877329926882344
1.0736842105263158,0.44210526315789467,1e+27,0.955218576477679
1.2,0.44210526315789467,1e+27,0.9956279413310424
-1.2,0.3157894736842104,1e+27,0.9578350756338551
-1.0736842105263158,0.3157894736842104,1e+27,0.9979240157816576
-0.9473684210526315,0.3157894736842104,1e+27,0.9879363884923092
-0.8210526315789473,0.3157894736842104,1e+27,0.9794938578941991
-0.6947368421052631,0.3157894736842104,1e+27,0.9789295761687258
-0.5684210526315789,0.3157894736842104,1e+27,0.968494437492309
-0.44210526315789467,0.3157894736842104,1e+27,0.9928310423510444
-0.3157894736842104,0.3157894736842104,1e+27,0.9801035952089667
-0.18947368421052624,0.3157894736842104,1e+27,0.995565118621408
-0.06315789473684208,0.3157894736842104,1e+27,0.9715110661102765
0.06315789473684208,0.3157894736842104,1e+27,0.9916245085537669
0.18947368421052646,0.3157894736842104,1e+27,0.9693880954959299
0.3157894736842106,0.3157894736842104,1e+27,0.9789804526450563
0.4421052631578948,0.3157894736842104,1e+27,0.990891886086382
0.5684210526315792,0.3157894736842104,1e+27,0.9830982849155562
0.6947368421052633,0.3157894736842104,1e+27,0.9681215101499295
0.8210526315789475,0.3157894736842104,1e+27,0.9946266051665709
0.9473684210526316,0.3157894736842104,1e+27,0.8957585086229622
1.0736842105263158,0.3157894736842104,1e+27,0.9733664350248741
1.2,0.3157894736842104,1e+27,0.992329846119242
-1.2,0.18947368421052624,1e+27,0.9975892140351048
-1.0736842105263158,0.18947368421052624,1e+27,0.9964486658050198
-0.9473684210526315,0.18947368421052624,1e+27,0.9969752047366125
-0.8210526315789473,0.18947368421052624,1e+27,0.9740584374927037
-0.6947368421052631,0.18947368421052624,1e+27,0.0
-0.5684210526315789,0.18947368421052624,1e+27,0.987756234146959
-0.44210526315789467,0.18947368421052624,1e+27,0.9946165603796193
-0.3157894736842104,0.18947368421052624,1e+27,0.9930695571160723
-0.18947368421052624,0.18947368421052624,1e+27,0.9648617992993168
-0.06315789473684208,0.18947368421052624,1e+27,0.9785760296080008
0.06315789473684208,0.18947368421052624,1e+27,0.9803378812962132
0.18947368421052646,0.18947368421052624,1e+27,0.9862523110169955
0.3157894736842106,0.18947368421052624,1e+27,0.9957386761178084
0.4421052631578948,0.18947368421052624,1e+27,0.9858141932923015
0.5684210526315792,0.18947368421052624,1e+27,0.9851906735199489
0.6947368421052633,0.18947368421052624,1e+27,0.9523542825557713
0.8210526315789475,0.18947368421052624,1e+27,0.9925605456186961
0.9473684210526316,0.18947368421052624,1e+27,0.8958401637394469
1.0736842105263158,0.18947368421052624,1e+27,0.9349763235048995
1.2,0.18947368421052624,1e+27,0.9902964484697411
-1.2,0.06315789473684208,1e+27,0.9975828843296198
-1.0736842105263158,0.06315789473684208,1e+27,0.0
-0.9473684210526315,0.06315789473684208,1e+27,0.9959540131797372
-0.8210526315789473,0.06315789473684208,1e+27,0.9622971296391023
-0.6947368421052631,0.06315789473684208,1e+27,0.9496151241370301
-0.5684210526315789,0.06315789473684208,1e+27,0.9802296382897221
-0.44210526315789467,0.06315789473684208,1e+27,0.9832117145248809
-0.3157894736842104,0.06315789473684208,1e+27,0.9676480816574551
-0.18947368421052624,0.06315789473684208,1e+27,0.969224443670053
-0.06315789473684208,0.06315789473684208,1e+27,0.9942507277937241
0.06315789473684208,0.06315789473684208,1e+27,0.9903734193372041
0.18947368421052646,0.06315789473684208,1e+27,0.9735253480206492
0.3157894736842106,0.06315789473684208,1e+27,0.982916995722592
0.4421052631578948,0.06315789473684208,1e+27,0.9726617688546826
0.5684210526315792,0.06315789473684208,1e+27,0.973944690174497
0.6947368421052633,0.06315789473684208,1e+27,0.9731425789093985
0.8210526315789475,0.06315789473684208,1e+27,0.9930712298983136
0.9473684210526316,0.06315789473684208,1e+27,0.9433037570637852
1.0736842105263158,0.06315789473684208,1e+27,0.9816123910701264
1.2,0.06315789473684208,1e+27,0.9914550761848142
-1.2,-0.06315789473684208,1e+27,0.9977830325232854
-1.0736842105263158,-0.06315789473684208,1e+27,0.9597890449353682
-0.9473684210526315,-0.06315789473684208,1e+27,0.9955787415067061
-0.8210526315789473,-0.06315789473684208,1e+27,0.969005404863514
-0.6947368421052631,-0.06315789473684208,1e+27,0.9550448387109136
-0.5684210526315789,-0.06315789473684208,1e+27,0.9851885834798689
-0.44210526315789467,-0.06315789473684208,1e+27,0.9865729101251449
-0.3157894736842104,-0.06315789473684208,1e+27,0.9962267199148094
-0.18947368421052624,-0.06315789473684208,1e+27,0.9715128405238006
-0.06315789473684208,-0.06315789473684208,1e+27,0.987731928021985
0.06315789473684208,-0.06315789473684208,1e+27,0.9945199519760096
0.18947368421052646,-0.06315789473684208,1e+27,0.9702006767770065
0.3157894736842106,-0.06315789473684208,1e+27,0.9907544221962734
0.4421052631578948,-0.06315789473684208,1e+27,0.9856418285205971
0.5684210526315792,-0.06315789473684208,1e+27,0.974540909209563
0.6947368421052633,-0.06315789473684208,1e+27,0.9693996923314449
0.8210526315789475,-0.06315789473684208,1e+27,0.9902130311004236
0.9473684210526316,-0.06315789473684208,1e+27,0.9197249909460974
1.0736842105263158,-0.06315789473684208,1e+27,0.9911605306662779
1.2,-0.06315789473684208,1e+27,0.9941104366215344
-1.2,-0.18947368421052646,1e+27,0.9979472751703045
-1.0736842105263158,-0.18947368421052646,1e+27,0.9913050476066965
-0.9473684210526315,-0.18947368421052646,1e+27,0.9959884819691488
-0.8210526315789473,-0.18947368421052646,1e+27,0.9363506804109086
-0.6947368421052631,-0.18947368421052646,1e+27,0.9882433437184017
-0.5684210526315789,-0.18947368421052646,1e+27,0.9965419419440197
-0.44210526315789467,-0.18947368421052646,1e+27,0.9822762233295933
-0.3157894736842104,-0.18947368421052646,1e+27,0.9703314016808569
-0.18947368421052624,-0.18947368421052646,1e+27,0.9915250890785331
-0.06315789473684208,-0.18947368421052646,1e+27,0.980704887922953
0.06315789473684208,-0.18947368421052646,1e+27,0.9800132021268833
0.18947368421052646,-0.18947368421052646,1e+27,0.9622869511589963
0.3157894736842106,-0.18947368421052646,1e+27,0.9881881642916975
0.4421052631578948,-0.18947368421052646,1e+27,0.9900879008050963
0.5684210526315792,-0.18947368421052646,1e+27,0.9783243567174053
0.6947368421052633,-0.18947368421052646,1e+27,0.989891571455467
0.8210526315789475,-0.18947368421052646,1e+27,0.9743063688249604
0.9473684210526316,-0.18947368421052646,1e+27,0.9655057091690142
1.0736842105263158,-0.18947368421052646,1e+27,0.8207129955702739
1.2,-0.18947368421052646,1e+27,0.9965927718809494
-1.2,-0.3157894736842106,1e+27,0.998334729901641
-1.0736842105263158,-0.3157894736842106,1e+27,0.9977597975911956
-0.9473684210526315,-0.3157894736842106,1e+27,0.9952982051002704
-0.8210526315789473,-0.3157894736842106,1e+27,0.9456704690464369
-0.6947368421052631,-0.3157894736842106,1e+27,0.961911178189989
-0.5684210526315789,-0.3157894736842106,1e+27,0.992346135582481
-0.44210526315789467,-0.3157894736842106,1e+27,0.9718181064119122
-0.3157894736842104,-0.3157894736842106,1e+27,0.9871115865996563
-0.18947368421052624,-0.3157894736842106,1e+27,0.978077746119337
-0.06315789473684208,-0.3157894736842106,1e+27,0.992520900158209
0.06315789473684208,-0.3157894736842106,1e+27,0.9931875513069137
0.18947368421052646,-0.3157894736842106,1e+27,0.9759546710992265
0.3157894736842106,-0.3157894736842106,1e+27,0.985113644037797
0.4421052631578948,-0.3157894736842106,1e+27,0.9923753185294751
0.5684210526315792,-0.3157894736842106,1e+27,0.9689513610233536
0.6947368421052633,-0.3157894736842106,1e+27,0.955003365144281
0.8210526315789475,-0.3157894736842106,1e+27,0.933423617076731
0.9473684210526316,-0.3157894736842106,1e+27,0.9751183924761958
1.0736842105263158,-0.3157894736842106,1e+27,0.9467151879307568
1.2,-0.3157894736842106,1e+27,0.9981518435972049
-1.2,-0.4421052631578948,1e+27,0.9981547087037023
-1.0736842105263158,-0.4421052631578948,1e+27,0.9988197863239452
-0.9473684210526315,-0.4421052631578948,1e+27,0.9969891033426606
-0.8210526315789473,-0.4421052631578948,1e+27,0.9907961651211885
-0.6947368421052631,-0.4421052631578948,1e+27,0.9378515165274414
-0.5684210526315789,-0.4421052631578948,1e+27,0.976518690544249
-0.44210526315789467,-0.4421052631578948,1e+27,0.9941412079313128
-0.3157894736842104,-0.4421052631578948,1e+27,0.9896301974714727
-0.18947368421052624,-0.4421052631578948,1e+27,0.9747212098314721
-0.06315789473684208,-0.4421052631578948,1e+27,0.9788449015168644
0.06315789473684208,-0.4421052631578948,1e+27,0.9746662964769891
0.18947368421052646,-0.4421052631578948,1e+27,0.9712182614836877
0.3157894736842106,-0.4421052631578948,1e+27,0.9597414157315777
0.4421052631578948,-0.4421052631578948,1e+27,0.9748331632195798
0.5684210526315792,-0.4421052631578948,1e+27,0.9328521140687069
0.6947368421052633,-0.4421052631578948,1e+27,0.9468678431941685
0.8210526315789475,-0.4421052631578948,1e+27,0.9819873781486567
0.9473684210526316,-0.4421052631578948,1e+27,0.9923002410533219
1.0736842105263158,-0.4421052631578948,1e+27,0.9961194284209932
1.2,-0.4421052631578948,1e+27,0.9986366476726082
-1.2,-0.5684210526315792,1e+27,0.9985265191191761
-1.0736842105263158,-0.5684210526315792,1e+27,0.9983455418020794
-0.9473684210526315,-0.5684210526315792,1e+27,0.9941667854768107
-0.8210526315789473,-0.5684210526315792,1e+27,0.9959666639927486
-0.6947368421052631,-0.5684210526315792,1e+27,0.9844548972113935
-0.5684210526315789,-0.5684210526315792,1e+27,0.9602727029899686
-0.44210526315789467,-0.5684210526315792,1e+27,0.970152329275386
-0.3157894736842104,-0.5684210526315792,1e+27,0.982453728093565
-0.18947368421052624,-0.5684210526315792,1e+27,0.9853725215357638
-0.06315789473684208,-0.5684210526315792,1e+27,0.9737561668183259
0.06315789473684208,-0.5684210526315792,1e+27,0.9713355153880082
0.18947368421052646,-0.5684210526315792,1e+27,0.9909010058825407
0.3157894736842106,-0.5684210526315792,1e+27,0.9780468212643646
0.4421052631578948,-0.5684210526315792,1e+27,0.9747953457837117
0.5684210526315792,-0.5684210526315792,1e+27,0.9730991185106155
0.6947368421052633,-0.5684210526315792,1e+27,0.9558437940034364
0.8210526315789475,-0.5684210526315792,1e+27,0.9704363337275296
0.9473684210526316,-0.5684210526315792,1e+27,0.9700709659602832
1.0736842105263158,-0.5684210526315792,1e+27,0.9982701259673877
1.2,-0.5684210526315792,1e+27,0.9988613770252044
-1.2,-0.6947368421052633,1e+27,0.9989723934850068
-1.0736842105263158,-0.6947368421052633,1e+27,0.9980549068663016
-0.9473684210526315,-0.6947368421052633,1e+27,0.9985687157609964
-0.8210526315789473,-0.6947368421052633,1e+27,0.9955122413817664
-0.6947368421052631,-0.6947368421052633,1e+27,0.9945557985125668
-0.5684210526315789,-0.6947368421052633,1e+27,0.9546736989214363
-0.44210526315789467,-0.6947368421052633,1e+27,0.9826629706204734
-0.3157894736842104,-0.6947368421052633,1e+27,0.9886166336842794
-0.18947368421052624,-0.6947368421052633,1e+27,0.9906970522022582
-0.06315789473684208,-0.6947368421052633,1e+27,0.991732538777004
0.06315789473684208,-0.6947368421052633,1e+27,0.9935922622126644
0.18947368421052646,-0.6947368421052633,1e+27,0.9677389307122035
0.3157894736842106,-0.6947368421052633,1e+27,0.9560167669034492
0.4421052631578948,-0.6947368421052633,1e+27,0.9848179208348989
0.5684210526315792,-0.6947368421052633,1e+27,0.9567134956530474
0.6947368421052633,-0.6947368421052633,1e+27,0.9674878999598635
0.8210526315789475,-0.6947368421052633,1e+27,0.9346051091402636
0.9473684210526316,-0.6947368421052633,1e+27,0.9982575758885326
1.0736842105263158,-0.6947368421052633,1e+27,0.9983445047110108
1.2,-0.6947368421052633,1e+27,0.9986268118629835
-1.2,-0.8210526315789475,1e+27,0.9992159476139953
-1.0736842105263158,-0.8210526315789475,1e+27,0.9986306156504305
-0.9473684210526315,-0.8210526315789475,1e+27,0.9986427794875383
-0.8210526315789473,-0.8210526315789475,1e+27,0.9978102810394073
-0.6947368421052631,-0.8210526315789475,1e+27,0.995846646835826
-0.5684210526315789,-0.8210526315789475,1e+27,0.9951726735379621
-0.44210526315789467,-0.8210526315789475,1e+27,0.9738180602393
-0.3157894736842104,-0.8210526315789475,1e+27,0.9483410369161478
-0.18947368421052624,-0.8210526315789475,1e+27,0.9543699090073453
-0.06315789473684208,-0.8210526315789475,1e+27,0.9914916178253167
0.06315789473684208,-0.8210526315789475,1e+27,0.9947519668417183
0.18947368421052646,-0.8210526315789475,1e+27,0.9882494144503478
0.3157894736842106,-0.8210526315789475,1e+27,0.9810006107599895
0.4421052631578948,-0.8210526315789475,1e+27,0.9848452595477077
0.5684210526315792,-0.8210526315789475,1e+27,0.9925667706269776
0.6947368421052633,-0.8210526315789475,1e+27,0.9830884317100768
0.8210526315789475,-0.8210526315789475,1e+27,0.9978331402862097
0.9473684210526316,-0.8210526315789475,1e+27,0.997882529355836
1.0736842105263158,-0.8210526315789475,1e+27,0.9986857345772511
1.2,-0.8210526315789475,1e+27,0.9988736999776648
-1.2,-0.9473684210526316,1e+27,0.9990869561906026
-1.0736842105263158,-0.9473684210526316,1e+27,0.9991752397756067
-0.9473684210526315,-0.9473684210526316,1e+27,0.9984687338329898
-0.8210526315789473,-0.9473684210526316,1e+27,0.9987145353151474
-0.6947368421052631,-0.9473684210526316,1e+27,0.9977608961163359
-0.5684210526315789,-0.9473684210526316,1e+27,0.9856052593568273
-0.44210526315789467,-0.9473684210526316,1e+27,0.9661160267247032
-0.3157894736842104,-0.9473684210526316,1e+27,0.9894196268178534
-0.18947368421052624,-0.9473684210526316,1e+27,0.9486198800790585
-0.06315789473684208,-0.9473684210526316,1e+27,0.9926294682462963
0.06315789473684208,-0.9473684210526316,1e+27,0.9920177933256455
0.18947368421052646,-0.9473684210526316,1e+27,0.9934237463007655
0.3157894736842106,-0.9473684210526316,1e+27,0.985654808386874
0.4421052631578948,-0.9473684210526316,1e+27,0.94648261896616
0.5684210526315792,-0.9473684210526316,1e+27,0.9940425509740284
0.6947368421052633,-0.9473684210526316,1e+27,0.9973478320070552
0.8210526315789475,-0.9473684210526316,1e+27,0.9977281656013348
0.9473684210526316,-0.9473684210526316,1e+27,0.998541529120497
1.0736842105263158,-0.9473684210526316,1e+27,0.9986653298290508
1.2,-0.9473684210526316,1e+27,0.9989032481398774
-1.2,-1.0736842105263158,1e+27,0.9990852221747366
-1.0736842105263158,-1.0736842105263158,1e+27,0.9990753851312543
-0.9473684210526315,-1.0736842105263158,1e+27,0.9991450672910748
-0.8210526315789473,-1.0736842105263158,1e+27,0.9984951169222559
-0.6947368421052631,-1.0736842105263158,1e+27,0.9986412653587865
-0.5684210526315789,-1.0736842105263158,1e+27,0.9982801649023677
-0.44210526315789467,-1.0736842105263158,1e+27,0.9970072515907574
-0.3157894736842104,-1.0736842105263158,1e+27,0.9941589855000638
-0.18947368421052624,-1.0736842105263158,1e+27,0.9962699916671082
-0.06315789473684208,-1.0736842105263158,1e+27,0.9687529648955577
0.06315789473684208,-1.0736842105263158,1e+27,0.9839568325863665
0.18947368421052646,-1.0736842105263158,1e+27,0.9926290158279292
0.3157894736842106,-1.0736842105263158,1e+27,0.9952904277283364
0.4421052631578948,-1.0736842105263158,1e+27,0.9969584157390794
0.5684210526315792,-1.0736842105263158,1e+27,0.997322389733065
0.6947368421052633,-1.0736842105263158,1e+27,0.9981078679247732
0.8210526315789475,-1.0736842105263158,1e+27,0.9984711486178034
0.9473684210526316,-1.0736842105263158,1e+27,0.9986548615055978
1.0736842105263158,-1.0736842105263158,1e+27,0.9988537643075538
1.2,-1.0736842105263158,1e+27,0.9989124162723527
-1.2,-1.2,1e+27,0.9991355206342397
-1.0736842105263158,-1.2,1e+27,0.9990580143850465
-0.9473684210526315,-1.2,1e+27,0.9990489959731561
-0.8210526315789473,-1.2,1e+27,0.9990983651498462
-0.6947368421052631,-1.2,1e+27,0.9987728045830866
-0.5684210526315789,-1.2,1e+27,0.998369383353097
-0.44210526315789467,-1.2,1e+27,0.9988301210575011
-0.3157894736842104,-1.2,1e+27,0.9983319062709338
-0.18947368421052624,-1.2,1e+27,0.9977560654657894
-0.06315789473684208,-1.2,1e+27,0.9974129820008573
0.06315789473684208,-1.2,1e+27,0.9973416978721723
0.18947368421052646,-1.2,1e+27,0.9975105837907252
0.3157894736842106,-1.2,1e+27,0.9978226038938399
0.4421052631578948,-1.2,1e+27,0.9983362603136419
0.5684210526315792,-1.2,1e+27,0.9985440191275716
0.6947368421052633,-1.2,1e+27,0.998320271120245
0.8210526315789475,-1.2,1e+27,0.9987997934022581
0.9473684210526316,-1.2,1e+27,0.9988429677834405
1.0736842105263158,-1.2,1e+27,0.9988957909402422
1.2,-1.2,1e+27,0.998996664039342
-1.2,1.2,1e+28,0.9914878848918603
-1.0736842105263158,1.2,1e+28,0.9910776675181151
-0.9473684210526315,1.2,1e+28,0.9910257993548526
-0.8210526315789473,1.2,1e+28,0.9907427753669641
-0.6947368421052631,1.2,1e+28,0.989473928993687
-0.5684210526315789,1.2,1e+28,0.9772156094400127
-0.44210526315789467,1.2,1e+28,0.49346028796232877
-0.3157894736842104,1.2,1e+28,0.9078355361170252
-0.18947368421052624,1.2,1e+28,0.9162190969840748
-0.06315789473684208,1.2,1e+28,0.9161218406110294
0.06315789473684208,1.2,1e+28,0.9224093061032906
0.18947368421052646,1.2,1e+28,0.928881114497211
0.3157894736842106,1.2,1e+28,0.913772280491062
0.4421052631578948,1.2,1e+28,0.0
0.5684210526315792,1.2,1e+28,0.9648878483548162
0.6947368421052633,1.2,1e+28,0.9823469887821705
0.8210526315789475,1.2,1e+28,0.9834877425173003
0.9473684210526316,1.2,1e+28,0.9856619496331556
1.0736842105263158,1.2,1e+28,0.98763563687758
1.2,1.2,1e+28,0.9893689547191257
-1.2,1.0736842105263158,1e+28,0.9908499059998318
-1.0736842105263158,1.0736842105263158,1e+28,0.9910529364311825
-0.9473684210526315,1.0736842105263158,1e+28,0.9913892342425263
-0.8210526315789473,1.0736842105263158,1e+28,0.9875007916840961
-0.6947368421052631,1.0736842105263158,1e+28,0.9478670395369987
-0.5684210526315789,1.0736842105263158,1e+28,0.9516585092923378
-0.44210526315789467,1.0736842105263158,1e+28,0.9547938764510603
-0.3157894736842104,1.0736842105263158,1e+28,0.9469191520805336
-0.18947368421052624,1.0736842105263158,1e+28,0.957231002074854
-0.06315789473684208,1.0736842105263158,1e+28,0.9609722214209285
0.06315789473684208,1.0736842105263158,1e+28,0.9569829369390525
0.18947368421052646,1.0736842105263158,1e+28,0.9385169317068897
0.3157894736842106,1.0736842105263158,1e+28,0.8775939991498082
0.4421052631578948,1.0736842105263158,1e+28,0.9272231348914509
0.5684210526315792,1.0736842105263158,1e+28,0.9093945602612116
0.6947368421052633,1.0736842105263158,1e+28,0.9144823270628007
0.8210526315789475,1.0736842105263158,1e+28,0.9797723377884062
0.9473684210526316,1.0736842105263158,1e+28,0.9836634230749348
1.0736842105263158,1.0736842105263158,1e+28,0.9865670044919095
1.2,1.0736842105263158,1e+28,0.9881633506335185
-1.2,0.9473684210526315,1e+28,0.9909052694183251
-1.0736842105263158,0.9473684210526315,1e+28,0.9916444039103274
-0.9473684210526315,0.9473684210526315,1e+28,0.986339965174222
-0.8210526315789473,0.9473684210526315,1e+28,0.9814585418210919
-0.6947368421052631,0.9473684210526315,1e+28,0.9632328820390593
-0.5684210526315789,0.9473684210526315,1e+28,0.963116283301313
-0.44210526315789467,0.9473684210526315,1e+28,0.9501702792835844
-0.3157894736842104,0.9473684210526315,1e+28,0.9258889513141925
-0.18947368421052624,0.9473684210526315,1e+28,0.9401008654787162
-0.06315789473684208,0.9473684210526315,1e+28,0.9453500101540201
0.06315789473684208,0.9473684210526315,1e+28,0.9186133585042308
0.18947368421052646,0.9473684210526315,1e+28,0.9507873464722761
0.3157894736842106,0.9473684210526315,1e+28,0.9448833986089087
0.4421052631578948,0.9473684210526315,1e+28,0.9718775650799467
0.5684210526315792,0.9473684210526315,1e+28,0.9161070300367913
0.6947368421052633,0.9473684210526315,1e+28,0.8629255624359369
0.8210526315789475,0.9473684210526315,1e+28,0.7086849817742282
0.9473684210526316,0.9473684210526315,1e+28,0.9770711312050223
1.0736842105263158,0.9473684210526315,1e+28,0.9842054692574573
1.2,0.9473684210526315,1e+28,0.9873545344706924
-1.2,0.8210526315789473,1e+28,0.9916627966244453
-1.0736842105263158,0.8210526315789473,1e+28,0.9881863175131282
-0.9473684210526315,0.8210526315789473,1e+28,0.9742335359422327
-0.8210526315789473,0.8210526315789473,1e+28,0.9592919366868113
-0.6947368421052631,0.8210526315789473,1e+28,0.9614511731524691
-0.5684210526315789,0.8210526315789473,1e+28,0.6473217629079273
-0.44210526315789467,0.8210526315789473,1e+28,0.9446561226014676
-0.3157894736842104,0.8210526315789473,1e+28,0.9016894118664872
-0.18947368421052624,0.8210526315789473,1e+28,0.9371932607458027
-0.06315789473684208,0.8210526315789473,1e+28,0.9555040111573859
0.06315789473684208,0.8210526315789473,1e+28,0.9597503119679449
0.18947368421052646,0.8210526315789473,1e+28,0.9318017908150549
0.3157894736842106,0.8210526315789473,1e+28,0.9410578153516821
0.4421052631578948,0.8210526315789473,1e+28,0.9589720201308595
0.5684210526315792,0.8210526315789473,1e+28,0.9368189203709327
0.6947368421052633,0.8210526315789473,1e+28,0.9226716528315652
0.8210526315789475,0.8210526315789473,1e+28,0.8549525736017424
0.9473684210526316,0.8210526315789473,1e+28,0.9765768327988764
1.0736842105263158,0.8210526315789473,1e+28,0.9797958155940186
1.2,0.8210526315789473,1e+28,0.9848091519459345
-1.2,0.6947368421052631,1e+28,0.991235249197639
-1.0736842105263158,0.6947368421052631,1e+28,0.9581482100626905
-0.9473684210526315,0.6947368421052631,1e+28,0.9647393056986879
-0.8210526315789473,0.6947368421052631,1e+28,0.9619919239013761
-0.6947368421052631,0.6947368421052631,1e+28,0.8306624904507056
-0.5684210526315789,0.6947368421052631,1e+28,0.9098365227090268
-0.44210526315789467,0.6947368421052631,1e+28,0.9350751218682604
-0.3157894736842104,0.6947368421052631,1e+28,0.9452870960206301
-0.18947368421052624,0.6947368421052631,1e+28,0.9431796703959328
-0.06315789473684208,0.6947368421052631,1e+28,0.9520590726604002
0.06315789473684208,0.6947368421052631,1e+28,0.0
0.18947368421052646,0.6947368421052631,1e+28,0.033774404463840835
0.3157894736842106,0.6947368421052631,1e+28,0.8881731595336227
0.4421052631578948,0.6947368421052631,1e+28,0.9244623186960346
0.5684210526315792,0.6947368421052631,1e+28,0.903466980390409
0.6947368421052633,0.6947368421052631,1e+28,0.9365420497200833
0.8210526315789475,0.6947368421052631,1e+28,0.0
0.9473684210526316,0.6947368421052631,1e+28,0.4801207767880049
1.0736842105263158,0.6947368421052631,1e+28,0.9442814273394727
1.2,0.6947368421052631,1e+28,0.982195811240354
-1.2,0.5684210526315789,1e+28,0.9820854506988168
-1.0736842105263158,0.5684210526315789,1e+28,0.9719032662173597
-0.9473684210526315,0.5684210526315789,1e+28,0.9714519555385009
-0.8210526315789473,0.5684210526315789,1e+28,0.9452875316565976
-0.6947368421052631,0.5684210526315789,1e+28,0.8635415628412574
-0.5684210526315789,0.5684210526315789,1e+28,0.9139233605447361
-0.44210526315789467,0.5684210526315789,1e+28,0.9064038864153088
-0.3157894736842104,0.5684210526315789,1e+28,0.0
-0.18947368421052624,0.5684210526315789,1e+28,0.9224293560560464
-0.06315789473684208,0.5684210526315789,1e+28,0.9149192167140761
0.06315789473684208,0.5684210526315789,1e+28,0.9052376357603642
0.18947368421052646,0.5684210526315789,1e+28,0.9473643366464992
0.3157894736842106,0.5684210526315789,1e+28,0.9263700291725443
0.4421052631578948,0.5684210526315789,1e+28,0.89639862971149
0.5684210526315792,0.5684210526315789,1e+28,0.9489647077773796
0.6947368421052633,0.5684210526315789,1e+28,0.889343192895311
0.8210526315789475,0.5684210526315789,1e+28,0.872523074998117
0.9473684210526316,0.5684210526315789,1e+28,0.17830710073968303
1.0736842105263158,0.5684210526315789,1e+28,0.9354220206826889
1.2,0.5684210526315789,1e+28,0.9689751205117272
-1.2,0.44210526315789467,1e+28,0.9464202409152278
-1.0736842105263158,0.44210526315789467,1e+28,0.9691511195746763
-0.9473684210526315,0.44210526315789467,1e+28,0.9483040704970876
-0.8210526315789473,0.44210526315789467,1e+28,0.9448773910771938
-0.6947368421052631,0.44210526315789467,1e+28,0.7624543132141764
-0.5684210526315789,0.44210526315789467,1e+28,0.9087087362892257
-0.44210526315789467,0.44210526315789467,1e+28,0.8889321153365868
-0.3157894736842104,0.44210526315789467,1e+28,0.9546849810725353
-0.18947368421052624,0.44210526315789467,1e+28,0.9444186068061905
-0.06315789473684208,0.44210526315789467,1e+28,0.9647695902906012
0.06315789473684208,0.44210526315789467,1e+28,0.9653410786421978
0.18947368421052646,0.44210526315789467,1e+28,0.9526667633542897
0.3157894736842106,0.44210526315789467,1e+28,0.11393108788734208
0.4421052631578948,0.44210526315789467,1e+28,0.91997527077698
0.5684210526315792,0.44210526315789467,1e+28,0.9244849072104417
0.6947368421052633,0.44210526315789467,1e+28,0.9366621868909204
0.8210526315789475,0.44210526315789467,1e+28,0.9357605259347339
0.9473684210526316,0.44210526315789467,1e+28,0.6165267502090972
1.0736842105263158,0.44210526315789467,1e+28,0.910392362690705
1.2,0.44210526315789467,1e+28,0.939849139681769
-1.2,0.3157894736842104,1e+28,0.952958224671737
-1.0736842105263158,0.3157894736842104,1e+28,0.9784954419144879
-0.9473684210526315,0.3157894736842104,1e+28,0.7950255310389976
-0.8210526315789473,0.3157894736842104,1e+28,0.9438539364380464
-0.6947368421052631,0.3157894736842104,1e+28,0.8973339745796061
-0.5684210526315789,0.3157894736842104,1e+28,0.927169598230135
-0.44210526315789467,0.3157894736842104,1e+28,0.9637276260058748
-0.3157894736842104,0.3157894736842104,1e+28,0.9702471349004007
-0.18947368421052624,0.3157894736842104,1e+28,0.9445344557455126
-0.06315789473684208,0.3157894736842104,1e+28,0.9624565922871721
0.06315789473684208,0.3157894736842104,1e+28,0.936567417563746
0.18947368421052646,0.3157894736842104,1e+28,0.8732957450459788
0.3157894736842106,0.3157894736842104,1e+28,0.9518034834254824
0.4421052631578948,0.3157894736842104,1e+28,0.9462665776409879
0.5684210526315792,0.3157894736842104,1e+28,0.970360854845637
0.6947368421052633,0.3157894736842104,1e+28,0.9452043418473783
0.8210526315789475,0.3157894736842104,1e+28,0.8811203362626638
0.9473684210526316,0.3157894736842104,1e+28,0.8734207373695926
1.0736842105263158,0.3157894736842104,1e+28,0.8996382942324415
1.2,0.3157894736842104,1e+28,0.9226193172669711
-1.2,0.18947368421052624,1e+28,0.9793189132870237
-1.0736842105263158,0.18947368421052624,1e+28,0.9646443609118527
-0.9473684210526315,0.18947368421052624,1e+28,0.9683011200454177
-0.8210526315789473,0.18947368421052624,1e+28,0.8474232912989619
-0.6947368421052631,0.18947368421052624,1e+28,0.5182943460562891
-0.5684210526315789,0.18947368421052624,1e+28,0.9662050913514709
-0.44210526315789467,0.18947368421052624,1e+28,0.9024496935374351
-0.3157894736842104,0.18947368421052624,1e+28,0.9408796047585357
-0.18947368421052624,0.18947368421052624,1e+28,0.9145071619207827
-0.06315789473684208,0.18947368421052624,1e+28,0.8142285826482509
0.06315789473684208,0.18947368421052624,1e+28,0.8410935164398141
0.18947368421052646,0.18947368421052624,1e+28,0.9130039768194271
0.3157894736842106,0.18947368421052624,1e+28,0.9365832564411691
0.4421052631578948,0.18947368421052624,1e+28,0.9186444008664434
0.5684210526315792,0.18947368421052624,1e+28,0.9371421482844762
0.6947368421052633,0.18947368421052624,1e+28,0.5309272746393844
0.8210526315789475,0.18947368421052624,1e+28,0.9423975503625283
0.9473684210526316,0.18947368421052624,1e+28,0.0
1.0736842105263158,0.18947368421052624,1e+28,0.0
1.2,0.18947368421052624,1e+28,0.9209742806917063
-1.2,0.06315789473684208,1e+28,0.9769930356160463
-1.0736842105263158,0.06315789473684208,1e+28,0.0
-0.9473684210526315,0.06315789473684208,1e+28,0.9564367090304102
-0.8210526315789473,0.06315789473684208,1e+28,0.8414356189060624
-0.6947368421052631,0.06315789473684208,1e+28,0.9035676301744016
-0.5684210526315789,0.06315789473684208,1e+28,0.9568691917672174
-0.44210526315789467,0.06315789473684208,1e+28,0.535596024810931
-0.3157894736842104,0.06315789473684208,1e+28,0.9681691479663413
-0.18947368421052624,0.06315789473684208,1e+28,0.794631203179357
-0.06315789473684208,0.06315789473684208,1e+28,0.9425766605114162
0.06315789473684208,0.06315789473684208,1e+28,0.9068347755000339
0.18947368421052646,0.06315789473684208,1e+28,0.8163393330931065
0.3157894736842106,0.06315789473684208,1e+28,0.9227610834956601
0.4421052631578948,0.06315789473684208,1e+28,0.9401319753348996
0.5684210526315792,0.06315789473684208,1e+28,0.9132355990171365
0.6947368421052633,0.06315789473684208,1e+28,0.9007246253532191
0.8210526315789475,0.06315789473684208,1e+28,0.8848299538982004
0.9473684210526316,0.06315789473684208,1e+28,0.0
1.0736842105263158,0.06315789473684208,1e+28,0.8889262123814252
1.2,0.06315789473684208,1e+28,0.9306438334312436
-1.2,-0.06315789473684208,1e+28,0.9782849356122201
-1.0736842105263158,-0.06315789473684208,1e+28,0.8774765382336834
-0.9473684210526315,-0.06315789473684208,1e+28,0.9530509900649743
-0.8210526315789473,-0.06315789473684208,1e+28,0.8795253897747612
-0.6947368421052631,-0.06315789473684208,1e+28,0.9179548921589232
-0.5684210526315789,-0.06315789473684208,1e+28,0.9549321383684852
-0.44210526315789467,-0.06315789473684208,1e+28,0.9429402554076213
-0.3157894736842104,-0.06315789473684208,1e+28,0.9470035054741653
-0.18947368421052624,-0.06315789473684208,1e+28,0.7974698707214756
-0.06315789473684208,-0.06315789473684208,1e+28,0.8862085494532441
0.06315789473684208,-0.06315789473684208,1e+28,0.9411940170734109
0.18947368421052646,-0.06315789473684208,1e+28,0.7946440847801445
0.3157894736842106,-0.06315789473684208,1e+28,0.935669301617018
0.4421052631578948,-0.06315789473684208,1e+28,0.9489965408318484
0.5684210526315792,-0.06315789473684208,1e+28,0.939270927339617
0.6947368421052633,-0.06315789473684208,1e+28,0.9021031624033654
0.8210526315789475,-0.06315789473684208,1e+28,0.8851895712355075
0.9473684210526316,-0.06315789473684208,1e+28,0.6143681519102336
1.0736842105263158,-0.06315789473684208,1e+28,0.8702211708815846
1.2,-0.06315789473684208,1e+28,0.9512994784845077
-1.2,-0.18947368421052646,1e+28,0.9808591439734463
-1.0736842105263158,-0.18947368421052646,1e+28,0.0
-0.9473684210526315,-0.18947368421052646,1e+28,0.9561423340666755
-0.8210526315789473,-0.18947368421052646,1e+28,0.765000990314796
-0.6947368421052631,-0.18947368421052646,1e+28,0.914933164430164
-0.5684210526315789,-0.18947368421052646,1e+28,0.9626856193178827
-0.44210526315789467,-0.18947368421052646,1e+28,0.7388660884024136
-0.3157894736842104,-0.18947368421052646,1e+28,0.7745014386401182
-0.18947368421052624,-0.18947368421052646,1e+28,0.9047046524065673
-0.06315789473684208,-0.18947368421052646,1e+28,0.8433088228475323
0.06315789473684208,-0.18947368421052646,1e+28,0.8397390701609593
0.18947368421052646,-0.18947368421052646,1e+28,0.9227890740239905
0.3157894736842106,-0.18947368421052646,1e+28,0.9371806762950027
0.4421052631578948,-0.18947368421052646,1e+28,0.9371073153209126
0.5684210526315792,-0.18947368421052646,1e+28,0.9499884788965042
0.6947368421052633,-0.18947368421052646,1e+28,0.0
0.8210526315789475,-0.18947368421052646,1e+28,0.8673460464822914
0.9473684210526316,-0.18947368421052646,1e+28,0.8593609482576615
1.0736842105263158,-0.18947368421052646,1e+28,0.9044219635106687
1.2,-0.18947368421052646,1e+28,0.9711375629147632
-1.2,-0.3157894736842106,1e+28,0.9840920491046136
-1.0736842105263158,-0.3157894736842106,1e+28,0.9734439333625449
-0.9473684210526315,-0.3157894736842106,1e+28,0.9585376172826894
-0.8210526315789473,-0.3157894736842106,1e+28,0.8683419408928541
-0.6947368421052631,-0.3157894736842106,1e+28,0.9153629927836887
-0.5684210526315789,-0.3157894736842106,1e+28,0.9610506249080292
-0.44210526315789467,-0.3157894736842106,1e+28,0.9349937844014662
-0.3157894736842104,-0.3157894736842106,1e+28,0.8076199120879106
-0.18947368421052624,-0.3157894736842106,1e+28,0.9192495998935248
-0.06315789473684208,-0.3157894736842106,1e+28,0.9610636918698022
0.06315789473684208,-0.3157894736842106,1e+28,0.9273631892412593
0.18947368421052646,-0.3157894736842106,1e+28,0.9466517511498833
0.3157894736842106,-0.3157894736842106,1e+28,0.9499456412057897
0.4421052631578948,-0.3157894736842106,1e+28,0.937870140234916
0.5684210526315792,-0.3157894736842106,1e+28,0.9208184438322196
0.6947368421052633,-0.3157894736842106,1e+28,0.905694347572831
0.8210526315789475,-0.3157894736842106,1e+28,0.0
0.9473684210526316,-0.3157894736842106,1e+28,0.8900409054093673
1.0736842105263158,-0.3157894736842106,1e+28,0.9215079034748787
1.2,-0.3157894736842106,1e+28,0.9822088539472218
-1.2,-0.4421052631578948,1e+28,0.9660094825399475
-1.0736842105263158,-0.4421052631578948,1e+28,0.9878342482417306
-0.9473684210526315,-0.4421052631578948,1e+28,0.8565967593289106
-0.8210526315789473,-0.4421052631578948,1e+28,0.9325682799278883
-0.6947368421052631,-0.4421052631578948,1e+28,0.9036143099024473
-0.5684210526315789,-0.4421052631578948,1e+28,0.9249764641181731
-0.44210526315789467,-0.4421052631578948,1e+28,0.9148743501677495
-0.3157894736842104,-0.4421052631578948,1e+28,0.9481225977929786
-0.18947368421052624,-0.4421052631578948,1e+28,0.9486600206225404
-0.06315789473684208,-0.4421052631578948,1e+28,0.9437949466978486
0.06315789473684208,-0.4421052631578948,1e+28,0.937767662982345
0.18947368421052646,-0.4421052631578948,1e+28,0.9454220140039256
0.3157894736842106,-0.4421052631578948,1e+28,0.9139610488167912
0.4421052631578948,-0.4421052631578948,1e+28,0.9037141649243051
0.5684210526315792,-0.4421052631578948,1e+28,0.9386023318802775
0.6947368421052633,-0.4421052631578948,1e+28,0.7014633812195824
0.8210526315789475,-0.4421052631578948,1e+28,0.8417783164050476
0.9473684210526316,-0.4421052631578948,1e+28,0.8264247504401252
1.0736842105263158,-0.4421052631578948,1e+28,0.9061314793331756
1.2,-0.4421052631578948,1e+28,0.9861860956349008
-1.2,-0.5684210526315792,1e+28,0.9803786224264888
-1.0736842105263158,-0.5684210526315792,1e+28,0.9839033648122326
-0.9473684210526315,-0.5684210526315792,1e+28,0.9487015601336998
-0.8210526315789473,-0.5684210526315792,1e+28,0.9548057013266663
-0.6947368421052631,-0.5684210526315792,1e+28,0.8834112870621643
-0.5684210526315789,-0.5684210526315792,1e+28,0.9076229104844638
-0.44210526315789467,-0.5684210526315792,1e+28,0.9314333437116179
-0.3157894736842104,-0.5684210526315792,1e+28,0.9515431231385877
-0.18947368421052624,-0.5684210526315792,1e+28,0.9171297275276563
-0.06315789473684208,-0.5684210526315792,1e+28,0.9434469301158198
0.06315789473684208,-0.5684210526315792,1e+28,0.9480659231442178
0.18947368421052646,-0.5684210526315792,1e+28,0.9562426479073729
0.3157894736842106,-0.5684210526315792,1e+28,0.9074033112048207
0.4421052631578948,-0.5684210526315792,1e+28,0.9236830546570153
0.5684210526315792,-0.5684210526315792,1e+28,0.8914279318163605
0.6947368421052633,-0.5684210526315792,1e+28,0.8761867308600603
0.8210526315789475,-0.5684210526315792,1e+28,0.9325739490697795
0.9473684210526316,-0.5684210526315792,1e+28,0.9261607711110271
1.0736842105263158,-0.5684210526315792,1e+28,0.9819432898612152
1.2,-0.5684210526315792,1e+28,0.9884270563006966
-1.2,-0.6947368421052633,1e+28,0.9892087950236262
-1.0736842105263158,-0.6947368421052633,1e+28,0.8583739199031852
-0.9473684210526315,-0.6947368421052633,1e+28,0.9835705613383835
-0.8210526315789473,-0.6947368421052633,1e+28,0.9665135802733081
-0.6947368421052631,-0.6947368421052633,1e+28,0.9367629454479257
-0.5684210526315789,-0.6947368421052633,1e+28,0.8783815147791465
-0.44210526315789467,-0.6947368421052633,1e+28,0.9290180152572798
-0.3157894736842104,-0.6947368421052633,1e+28,0.9363374203756053
-0.18947368421052624,-0.6947368421052633,1e+28,0.9369255820203999
-0.06315789473684208,-0.6947368421052633,1e+28,0.9588427841938679
0.06315789473684208,-0.6947368421052633,1e+28,0.9453652767838574
0.18947368421052646,-0.6947368421052633,1e+28,0.924361826597173
0.3157894736842106,-0.6947368421052633,1e+28,0.0
0.4421052631578948,-0.6947368421052633,1e+28,0.9021215898144015
0.5684210526315792,-0.6947368421052633,1e+28,0.5233250092736904
0.6947368421052633,-0.6947368421052633,1e+28,0.9142318110625723
0.8210526315789475,-0.6947368421052633,1e+28,0.9190987305844902
0.9473684210526316,-0.6947368421052633,1e+28,0.9804342881272894
1.0736842105263158,-0.6947368421052633,1e+28,0.9822491301229975
1.2,-0.6947368421052633,1e+28,0.9861367228691998
-1.2,-0.8210526315789475,1e+28,0.9922068885132507
-1.0736842105263158,-0.8210526315789475,1e+28,0.9834943901336566
-0.9473684210526315,-0.8210526315789475,1e+28,0.9872230831419722
-0.8210526315789473,-0.8210526315789475,1e+28,0.9738912462990199
-0.6947368421052631,-0.8210526315789475,1e+28,0.9509918389550401
-0.5684210526315789,-0.8210526315789475,1e+28,0.9436375107608546
-0.44210526315789467,-0.8210526315789475,1e+28,0.8886292702082061
-0.3157894736842104,-0.8210526315789475,1e+28,0.0
-0.18947368421052624,-0.8210526315789475,1e+28,0.9069828713762764
-0.06315789473684208,-0.8210526315789475,1e+28,0.9219281856684098
0.06315789473684208,-0.8210526315789475,1e+28,0.9292350129680915
0.18947368421052646,-0.8210526315789475,1e+28,0.9187644478898991
0.3157894736842106,-0.8210526315789475,1e+28,0.9244766249882992
0.4421052631578948,-0.8210526315789475,1e+28,0.0
0.5684210526315792,-0.8210526315789475,1e+28,0.9220414570901337
0.6947368421052633,-0.8210526315789475,1e+28,0.9307351586965911
0.8210526315789475,-0.8210526315789475,1e+28,0.9739347350028769
0.9473684210526316,-0.8210526315789475,1e+28,0.9764890352279549
1.0736842105263158,-0.8210526315789475,1e+28,0.9869541169712275
1.2,-0.8210526315789475,1e+28,0.9886111768662881
-1.2,-0.9473684210526316,1e+28,0.9909294847977671
-1.0736842105263158,-0.9473684210526316,1e+28,0.9916433112868258
-0.9473684210526315,-0.9473684210526316,1e+28,0.9809190160589032
-0.8210526315789473,-0.9473684210526316,1e+28,0.9880396392772306
-0.6947368421052631,-0.9473684210526316,1e+28,0.9734401682191439
-0.5684210526315789,-0.9473684210526316,1e+28,0.9426789155697515
-0.44210526315789467,-0.9473684210526316,1e+28,0.9318701860922385
-0.3157894736842104,-0.9473684210526316,1e+28,0.9127243343653658
-0.18947368421052624,-0.9473684210526316,1e+28,0.9206477646214529
-0.06315789473684208,-0.9473684210526316,1e+28,0.9384501961248366
0.06315789473684208,-0.9473684210526316,1e+28,0.938806350372581
0.18947368421052646,-0.9473684210526316,1e+28,0.9336725575543277
0.3157894736842106,-0.9473684210526316,1e+28,0.9141975045420261
0.4421052631578948,-0.9473684210526316,1e+28,0.9215262789169218
0.5684210526315792,-0.9473684210526316,1e+28,0.9670464299209528
0.6947368421052633,-0.9473684210526316,1e+28,0.9712302169484767
0.8210526315789475,-0.9473684210526316,1e+28,0.9744936781938686
0.9473684210526316,-0.9473684210526316,1e+28,0.985515663889057
1.0736842105263158,-0.9473684210526316,1e+28,0.986250601049248
1.2,-0.9473684210526316,1e+28,0.9891111032038117
-1.2,-1.0736842105263158,1e+28,0.9908634712505681
-1.0736842105263158,-1.0736842105263158,1e+28,0.9908403563208266
-0.9473684210526315,-1.0736842105263158,1e+28,0.9913091532655349
-0.8210526315789473,-1.0736842105263158,1e+28,0.9820386878207877
-0.6947368421052631,-1.0736842105263158,1e+28,0.9571876771503436
-0.5684210526315789,-1.0736842105263158,1e+28,0.9806384171111295
-0.44210526315789467,-1.0736842105263158,1e+28,0.9649736596099568
-0.3157894736842104,-1.0736842105263158,1e+28,0.9083367389635608
-0.18947368421052624,-1.0736842105263158,1e+28,0.9496127853547769
-0.06315789473684208,-1.0736842105263158,1e+28,0.9393939973634314
0.06315789473684208,-1.0736842105263158,1e+28,0.7479616496132959
0.18947368421052646,-1.0736842105263158,1e+28,0.961813514070176
0.3157894736842106,-1.0736842105263158,1e+28,0.9695382074906284
0.4421052631578948,-1.0736842105263158,1e+28,0.9657490798789481
0.5684210526315792,-1.0736842105263158,1e+28,0.9690280301569575
0.6947368421052633,-1.0736842105263158,1e+28,0.9788863874780551
0.8210526315789475,-1.0736842105263158,1e+28,0.984992748179026
0.9473684210526316,-1.0736842105263158,1e+28,0.9861232222795852
1.0736842105263158,-1.0736842105263158,1e+28,0.9886243814570591
1.2,-1.0736842105263158,1e+28,0.9891480677386904
-1.2,-1.2,1e+28,0.991338667982393
-1.0736842105263158,-1.2,1e+28,0.9905984351476713
-0.9473684210526315,-1.2,1e+28,0.9905743286420304
-0.8210526315789473,-1.2,1e+28,0.991209612026498
-0.6947368421052631,-1.2,1e+28,0.9866164802341543
-0.5684210526315789,-1.2,1e+28,0.9815431125682509
-0.44210526315789467,-1.2,1e+28,0.9888516819055192
-0.3157894736842104,-1.2,1e+28,0.9816908592858579
-0.18947368421052624,-1.2,1e+28,0.9739019946594204
-0.06315789473684208,-1.2,1e+28,0.9694136529746447
0.06315789473684208,-1.2,1e+28,0.9686158666286498
0.18947368421052646,-1.2,1e+28,0.9706815277652477
0.3157894736842106,-1.2,1e+28,0.9749462350227748
0.4421052631578948,-1.2,1e+28,0.9813701176319403
0.5684210526315792,-1.2,1e+28,0.9856765082783668
0.6947368421052633,-1.2,1e+28,0.9822953258411483
0.8210526315789475,-1.2,1e+28,0.9879785997408742
0.9473684210526316,-1.2,1e+28,0.9885021244851694
1.0736842105263158,-1.2,1e+28,0.9889740877688898
1.2,-1.2,1e+28,0.9899568206956595
